﻿[
  {
    "ActivityId": 6,
    "Title": "五一小长假",
    "ImageUrl": "http://fwdown.hy51v.com/test/file/activity/activity_6.jpg"
  },
  {
    "ActivityId": 4,
    "Title": "话费碎片",
    "ImageUrl": "http://fwdown.hy51v.com/test/file/activity/activity_4.jpg"
  },
  {
    "ActivityId": 3,
    "Title": "老用户特权",
    "ImageUrl": "http://fwdown.hy51v.com/test/file/activity/activity_3.jpg"
  },
  {
    "ActivityId": 5,
    "Title": "关注微信公众号",
    "ImageUrl": "http://fwdown.hy51v.com/test/file/activity/activity_5.jpg"
  }
]